{"feature_names": ["moire_score", "glare_score", "sharpness_uniformity", "fringe_score"], "mean": [2.324935995149581, 0.030279975308641984, 0.47316019246664487, 0.3481391104931801], "std": [0.3509550372088104, 0.06834003604440116, 0.10982896372545228, 0.14008814905351644], "coef": [0.5160478947909315, 0.6555622585163153, 0.4369058511415063, 0.8532800727164135], "intercept": 0.08134433144080626, "threshold": 0.5, "cv_accuracy": 0.71, "n_train_images": 100, "n_folds": 5, "measured_feature_latency_ms": 318.7103271484375, "use_embedding": false, "real_centroid": null, "screen_centroid": null}